{
	"id": "533c59ba-ea9d-c539-5179-14f887114599",
	"name": "ASP.NET Core API - module 6",
	"description": "",
	"order": [
		"368bc797-188b-5d29-eb89-03a618d98ba3",
		"bae0438d-4a40-9ee2-992d-88e2a283b09b",
		"2a3299e8-3197-0444-fb58-efba16b75f64",
		"772f1611-029d-2951-789d-3eaa6512a7ca",
		"6161d091-6bd5-7c0e-89a1-c43b7a96d717",
		"13632521-9d54-5fe4-9b5c-15c171ee6909",
		"5ae73cbb-229b-62a8-ffd8-709d4e052bcb",
		"7084fa90-6b4d-6279-6704-26a5e8b42601",
		"553d81dc-6699-d521-bb8c-c07e25d81db7",
		"17941ede-1c02-0e8f-c1a8-001a9fc6e153",
		"ed0cc78b-e6a1-3c1f-e1ec-42159b745470",
		"e536d658-6269-2c15-39fa-2a76959bf108"
	],
	"folders": [],
	"timestamp": 1466770880296,
	"owner": "805617",
	"public": false,
	"published": false,
	"requests": [
		{
			"id": "13632521-9d54-5fe4-9b5c-15c171ee6909",
			"headers": "",
			"url": "http://localhost:1028/api/cities/1/pointsofinterest/1",
			"preRequestScript": null,
			"pathVariables": {},
			"method": "GET",
			"data": null,
			"dataMode": "params",
			"version": 2,
			"tests": null,
			"currentHelper": "normal",
			"helperAttributes": {},
			"time": 1475492409205,
			"name": "GET Point of Interest",
			"description": "",
			"collectionId": "533c59ba-ea9d-c539-5179-14f887114599",
			"responses": []
		},
		{
			"id": "17941ede-1c02-0e8f-c1a8-001a9fc6e153",
			"headers": "Content-Type: application/json\n",
			"url": "http://localhost:1028/api/cities/1/pointsofinterest/1",
			"preRequestScript": null,
			"pathVariables": {},
			"method": "PUT",
			"data": [],
			"dataMode": "raw",
			"version": 2,
			"tests": null,
			"currentHelper": "normal",
			"helperAttributes": {},
			"time": 1475492431850,
			"name": "PUT Point of Interest",
			"description": "",
			"collectionId": "533c59ba-ea9d-c539-5179-14f887114599",
			"responses": [],
			"rawModeData": "{\n    \"name\": \"Updated - Central Park\",\n    \"description\": \"Updated - The most visited urban park in the United States.\"\n}"
		},
		{
			"id": "2a3299e8-3197-0444-fb58-efba16b75f64",
			"headers": "",
			"url": "http://localhost:1028/api/cities/1?includePointsOfInterest=true",
			"preRequestScript": null,
			"pathVariables": {},
			"method": "GET",
			"data": null,
			"dataMode": "params",
			"version": 2,
			"tests": null,
			"currentHelper": "normal",
			"helperAttributes": {},
			"time": 1475492393252,
			"name": "GET City with parameter",
			"description": "",
			"collectionId": "533c59ba-ea9d-c539-5179-14f887114599",
			"responses": []
		},
		{
			"id": "368bc797-188b-5d29-eb89-03a618d98ba3",
			"headers": "",
			"url": "http://localhost:1028/api/cities",
			"preRequestScript": null,
			"pathVariables": {},
			"method": "GET",
			"data": null,
			"dataMode": "params",
			"version": 2,
			"tests": null,
			"currentHelper": "normal",
			"helperAttributes": {},
			"time": 1475492381888,
			"name": "GET Cities",
			"description": "",
			"collectionId": "533c59ba-ea9d-c539-5179-14f887114599",
			"responses": []
		},
		{
			"id": "553d81dc-6699-d521-bb8c-c07e25d81db7",
			"headers": "Content-Type: application/json\n",
			"url": "http://localhost:1028/api/cities/3/pointsofinterest",
			"preRequestScript": null,
			"pathVariables": {},
			"method": "POST",
			"data": [],
			"dataMode": "raw",
			"version": 2,
			"tests": null,
			"currentHelper": "normal",
			"helperAttributes": {},
			"time": 1475492426322,
			"name": "POST Point of Interest",
			"description": "",
			"collectionId": "533c59ba-ea9d-c539-5179-14f887114599",
			"responses": [],
			"rawModeData": "{\n    \"name\": \"Père Lachaise\",\n    \"description\": \"Famous cemetery where Jim Morrison and Oscar Wilde are buried.\"\n}"
		},
		{
			"id": "5ae73cbb-229b-62a8-ffd8-709d4e052bcb",
			"headers": "",
			"url": "http://localhost:1028/api/cities/4/pointsofinterest/1",
			"preRequestScript": null,
			"pathVariables": {},
			"method": "GET",
			"data": null,
			"dataMode": "params",
			"version": 2,
			"tests": null,
			"currentHelper": "normal",
			"helperAttributes": {},
			"time": 1475492415926,
			"name": "GET Point of Interest (unexisting City)",
			"description": "Should return 404 NotFound",
			"collectionId": "533c59ba-ea9d-c539-5179-14f887114599",
			"responses": []
		},
		{
			"id": "6161d091-6bd5-7c0e-89a1-c43b7a96d717",
			"headers": "",
			"url": "http://localhost:1028/api/cities/4/pointsofinterest",
			"preRequestScript": null,
			"pathVariables": {},
			"method": "GET",
			"data": null,
			"dataMode": "params",
			"version": 2,
			"tests": null,
			"currentHelper": "normal",
			"helperAttributes": {},
			"time": 1475492403272,
			"name": "GET Points of Interest (unexisting City)",
			"description": "Should return 404 NotFound",
			"collectionId": "533c59ba-ea9d-c539-5179-14f887114599",
			"responses": []
		},
		{
			"id": "7084fa90-6b4d-6279-6704-26a5e8b42601",
			"headers": "",
			"url": "http://localhost:1028/api/cities/1/pointsofinterest/10",
			"preRequestScript": null,
			"pathVariables": {},
			"method": "GET",
			"data": null,
			"dataMode": "params",
			"version": 2,
			"tests": null,
			"currentHelper": "normal",
			"helperAttributes": {},
			"time": 1475492421492,
			"name": "GET Point of Interest (unexisting Point of Interest)",
			"description": "Should return 404 NotFound",
			"collectionId": "533c59ba-ea9d-c539-5179-14f887114599",
			"responses": []
		},
		{
			"id": "772f1611-029d-2951-789d-3eaa6512a7ca",
			"headers": "",
			"url": "http://localhost:1028/api/cities/1/pointsofinterest",
			"preRequestScript": null,
			"pathVariables": {},
			"method": "GET",
			"data": null,
			"dataMode": "params",
			"version": 2,
			"tests": null,
			"currentHelper": "normal",
			"helperAttributes": {},
			"time": 1475492398051,
			"name": "GET Points of Interest",
			"description": "",
			"collectionId": "533c59ba-ea9d-c539-5179-14f887114599",
			"responses": []
		},
		{
			"id": "bae0438d-4a40-9ee2-992d-88e2a283b09b",
			"headers": "",
			"url": "http://localhost:1028/api/cities/1",
			"preRequestScript": null,
			"pathVariables": {},
			"method": "GET",
			"data": null,
			"dataMode": "params",
			"version": 2,
			"tests": null,
			"currentHelper": "normal",
			"helperAttributes": {},
			"time": 1475492387460,
			"name": "GET City",
			"description": "",
			"collectionId": "533c59ba-ea9d-c539-5179-14f887114599",
			"responses": []
		},
		{
			"id": "e536d658-6269-2c15-39fa-2a76959bf108",
			"headers": "",
			"url": "http://localhost:1028/api/cities/3/pointsofinterest/7",
			"preRequestScript": null,
			"pathVariables": {},
			"method": "DELETE",
			"data": [],
			"dataMode": "raw",
			"version": 2,
			"tests": null,
			"currentHelper": "normal",
			"helperAttributes": {},
			"time": 1475492451300,
			"name": "DELETE Point of Interest",
			"description": "",
			"collectionId": "533c59ba-ea9d-c539-5179-14f887114599",
			"responses": [],
			"rawModeData": ""
		},
		{
			"id": "ed0cc78b-e6a1-3c1f-e1ec-42159b745470",
			"headers": "Content-Type: application/json\n",
			"url": "http://localhost:1028/api/cities/1/pointsofinterest/1",
			"preRequestScript": null,
			"pathVariables": {},
			"method": "PATCH",
			"data": [],
			"dataMode": "raw",
			"version": 2,
			"tests": null,
			"currentHelper": "normal",
			"helperAttributes": {},
			"time": 1475492438593,
			"name": "PATCH Point of Interest (update multiple)",
			"description": "",
			"collectionId": "533c59ba-ea9d-c539-5179-14f887114599",
			"responses": [],
			"rawModeData": "[\n    {\n      \"op\": \"replace\",\n      \"path\": \"/name\",\n      \"value\": \"Updated through PATCH - Central Park\"\n    },\n    {\n      \"op\": \"replace\",\n      \"path\": \"/description\",\n      \"value\": \"Updated through PATCH - Description\"\n    }\n]"
		}
	]
}