{
	"id": "c2956703-b018-c67f-415d-f7ea7aeeabef",
	"name": "ASP.NET Core API - module 2",
	"description": "",
	"order": [
		"47c73ba3-8513-a368-8c1c-1853dc396fc9",
		"8709e8e7-1669-0350-3016-e184ad83b6be",
		"0ac0f93d-9981-56d3-c31d-b7faa0cfddb7",
		"95b8f00a-4afe-b6b1-db0a-a97c63892fd1",
		"0c69354e-460b-6ea4-42d4-d69ba1d719d4",
		"4ba90745-b2df-9fcc-e943-91063248b618",
		"feb7e2e5-6dab-820b-31ab-bb6f430dda5d",
		"65bed435-1a29-6dd1-333b-9ac45ecde9bf"
	],
	"folders": [],
	"timestamp": 1465402823816,
	"owner": "805617",
	"public": false,
	"published": false,
	"requests": [
		{
			"id": "0ac0f93d-9981-56d3-c31d-b7faa0cfddb7",
			"headers": "",
			"url": "http://localhost:1028/api/cities/1/pointsofinterest",
			"preRequestScript": null,
			"pathVariables": {},
			"method": "GET",
			"data": null,
			"dataMode": "params",
			"version": 2,
			"tests": null,
			"currentHelper": "normal",
			"helperAttributes": {},
			"time": 1474293975635,
			"name": "GET Points of Interest",
			"description": "",
			"collectionId": "c2956703-b018-c67f-415d-f7ea7aeeabef",
			"responses": []
		},
		{
			"id": "0c69354e-460b-6ea4-42d4-d69ba1d719d4",
			"headers": "",
			"url": "http://localhost:1028/api/cities/1/pointsofinterest/1",
			"preRequestScript": null,
			"pathVariables": {},
			"method": "GET",
			"data": null,
			"dataMode": "params",
			"version": 2,
			"tests": null,
			"currentHelper": "normal",
			"helperAttributes": {},
			"time": 1474293991682,
			"name": "GET Point of Interest",
			"description": "",
			"collectionId": "c2956703-b018-c67f-415d-f7ea7aeeabef",
			"responses": []
		},
		{
			"id": "47c73ba3-8513-a368-8c1c-1853dc396fc9",
			"headers": "",
			"url": "http://localhost:1028/api/cities",
			"preRequestScript": null,
			"pathVariables": {},
			"method": "GET",
			"data": null,
			"dataMode": "params",
			"version": 2,
			"tests": null,
			"currentHelper": "normal",
			"helperAttributes": {},
			"time": 1474293958320,
			"name": "GET Cities",
			"description": "",
			"collectionId": "c2956703-b018-c67f-415d-f7ea7aeeabef",
			"responses": []
		},
		{
			"id": "4ba90745-b2df-9fcc-e943-91063248b618",
			"headers": "",
			"url": "http://localhost:1028/api/cities/4/pointsofinterest/1",
			"preRequestScript": null,
			"pathVariables": {},
			"method": "GET",
			"data": null,
			"dataMode": "params",
			"version": 2,
			"tests": null,
			"currentHelper": "normal",
			"helperAttributes": {},
			"time": 1474293999653,
			"name": "GET Point of Interest (unexisting City)",
			"description": "Should return 404 NotFound",
			"collectionId": "c2956703-b018-c67f-415d-f7ea7aeeabef",
			"responses": []
		},
		{
			"id": "65bed435-1a29-6dd1-333b-9ac45ecde9bf",
			"headers": "Accept: application/xml\n",
			"url": "http://localhost:1028/api/cities",
			"preRequestScript": null,
			"pathVariables": {},
			"method": "GET",
			"data": null,
			"dataMode": "params",
			"version": 2,
			"tests": null,
			"currentHelper": "normal",
			"helperAttributes": {},
			"time": 1474294021623,
			"name": "GET Cities (XML)",
			"description": "",
			"collectionId": "c2956703-b018-c67f-415d-f7ea7aeeabef",
			"responses": []
		},
		{
			"id": "8709e8e7-1669-0350-3016-e184ad83b6be",
			"headers": "",
			"url": "http://localhost:1028/api/cities/1",
			"preRequestScript": null,
			"pathVariables": {},
			"method": "GET",
			"data": null,
			"dataMode": "params",
			"version": 2,
			"tests": null,
			"currentHelper": "normal",
			"helperAttributes": {},
			"time": 1474293966246,
			"name": "GET City",
			"description": "",
			"collectionId": "c2956703-b018-c67f-415d-f7ea7aeeabef",
			"responses": []
		},
		{
			"id": "95b8f00a-4afe-b6b1-db0a-a97c63892fd1",
			"headers": "",
			"url": "http://localhost:1028/api/cities/4/pointsofinterest",
			"preRequestScript": null,
			"pathVariables": {},
			"method": "GET",
			"data": null,
			"dataMode": "params",
			"version": 2,
			"tests": null,
			"currentHelper": "normal",
			"helperAttributes": {},
			"time": 1474293981034,
			"name": "GET Points of Interest (unexisting City)",
			"description": "Should return 404 NotFound",
			"collectionId": "c2956703-b018-c67f-415d-f7ea7aeeabef",
			"responses": []
		},
		{
			"id": "feb7e2e5-6dab-820b-31ab-bb6f430dda5d",
			"headers": "",
			"url": "http://localhost:1028/api/cities/1/pointsofinterest/10",
			"preRequestScript": null,
			"pathVariables": {},
			"method": "GET",
			"data": null,
			"dataMode": "params",
			"version": 2,
			"tests": null,
			"currentHelper": "normal",
			"helperAttributes": {},
			"time": 1474294011611,
			"name": "GET Point of Interest (unexisting Point of Interest)",
			"description": "Should return 404 NotFound",
			"collectionId": "c2956703-b018-c67f-415d-f7ea7aeeabef",
			"responses": []
		}
	]
}