{
	"id": "1be12cf7-31cf-0995-5435-dcf32c55ff0b",
	"name": "ASP.NET Core API - module 4",
	"description": "",
	"order": [
		"96c7421b-37d1-dfa2-0ef8-b57518402928",
		"cfaeb014-39d6-a354-4611-173af4f26fe3"
	],
	"folders": [],
	"timestamp": 1473777485254,
	"owner": "805617",
	"public": false,
	"published": false,
	"requests": [
		{
			"id": "96c7421b-37d1-dfa2-0ef8-b57518402928",
			"headers": "",
			"url": "http://localhost:1028/api/cities/1/pointsofinterest",
			"preRequestScript": null,
			"pathVariables": {},
			"method": "GET",
			"data": null,
			"dataMode": "params",
			"version": 2,
			"tests": null,
			"currentHelper": "normal",
			"helperAttributes": {},
			"time": 1474466820580,
			"name": "GET Points of Interest",
			"description": "",
			"collectionId": "1be12cf7-31cf-0995-5435-dcf32c55ff0b",
			"responses": []
		},
		{
			"id": "cfaeb014-39d6-a354-4611-173af4f26fe3",
			"headers": "",
			"url": "http://localhost:1028/api/cities/1/pointsofinterest/1",
			"preRequestScript": null,
			"pathVariables": {},
			"method": "DELETE",
			"data": [],
			"dataMode": "raw",
			"version": 2,
			"tests": null,
			"currentHelper": "normal",
			"helperAttributes": {},
			"time": 1474466826249,
			"name": "DELETE Point of Interest",
			"description": "",
			"collectionId": "1be12cf7-31cf-0995-5435-dcf32c55ff0b",
			"responses": [],
			"rawModeData": ""
		}
	]
}